email_address,owner_first_name,owner_last_name
esmeralda16@gmail.com,Xochitl ,Nutt  
fstark@hotmail.com,Roscoe ,Junious  
zsteuber@donnelly.com,Ardelia ,Cooney  
schumm.liana@yahoo.com,Dusti ,Shain  
nhauck@ritchie.biz,Wade ,Fournier  
stewart.yundt@yahoo.com,Jessika ,Stair  
dietrich.darien@hotmail.com,Jonie ,Penta  
bzulauf@yahoo.com,Gricelda ,Emory  
ofelia11@gmail.com,Kena ,Dutremble  
nwelch@heidenreich.com,Mica ,Hudson  
kathlyn.gibson@hotmail.com,Sherrell ,Dilorenzo  
alayna26@parisian.com,Shenika ,Schuetz  
bayer.leda@boyle.com,Winifred ,Sizemore  
ricardo.hahn@bauch.info,Karolyn ,Spino  
dawson38@hotmail.com,Eusebia ,Boeke  
marco.auer@ohara.org,Monte ,Mcnish  
murray.nicholas@kertzmann.com,Lashawnda ,Alphin  
rnader@dach.biz,Remona ,Kellen  
destinee49@hotmail.com,Kimberlee ,Muller  
dorothea.pollich@jacobson.info,Eva ,Gainey  
lchamplin@schaden.com,Chin ,Rape  
stamm.makayla@gmail.com,Jani ,Poteat  
htoy@tromp.com,Ronda ,Lehrer  
wmcdermott@hotmail.com,Kiara ,Bowersox  
marquardt.trycia@gmail.com,Mechelle ,Wampler  
bschimmel@gmail.com,Seymour ,Ahart  
klittle@hotmail.com,Hal ,Saum  
schowalter.celestine@yahoo.com,Osvaldo ,Canavan  
andreanne.stark@hotmail.com,Delia ,Alsup  
harber.jadon@gmail.com,Johnson ,Mundy  
tmitchell@gmail.com,Shondra ,Barclay  
aglae.hane@okeefe.com,Merle ,Copp  
crawford33@littel.com,Felicitas ,Mcgarrity  
boyle.martine@funk.org,Erasmo ,Desormeaux  
hayley.kreiger@gmail.com,Lilliam ,Schacherer  
helmer.cummings@reynolds.com,Junior ,Olveda  
winifred37@gmail.com,Rene ,Gash  
xtremblay@hotmail.com,Fidelia ,Dau  
vita.wolff@hotmail.com,Doria ,Yann  
mmcglynn@corkery.net,Nubia ,Zamor  
ihyatt@gmail.com,Gabriela ,Gabrielli  
hipolito.thiel@haley.net,Carin ,Aumick  
wquitzon@blanda.com,Nannette ,Stpeter  
qbergstrom@anderson.com,Richie ,Sherrick  
jdamore@schamberger.info,Jamee ,Jost  
jonathan15@schumm.com,Rina ,Conroy  
mhowe@gmail.com,Hayden ,Madero  
kschaden@yahoo.com,Precious ,Schwindt  
drath@ebert.com,Jennefer ,Morado  
adickens@hotmail.com,Vaughn ,Zoeller  
